,state_abbrev,state_name,numcol,yieldpercol,totalprod,stocks,priceperlb,prodvalue,year
0,AL,Alabama,16000.0,71,1136000.0,159000.0,0.72,818000.0,1998
1,AZ,Arizona,55000.0,60,3300000.0,1485000.0,0.64,2112000.0,1998
2,AR,Arkansas,53000.0,65,3445000.0,1688000.0,0.59,2033000.0,1998
3,CA,California,450000.0,83,37350000.0,12326000.0,0.62,23157000.0,1998
4,CO,Colorado,27000.0,72,1944000.0,1594000.0,0.7,1361000.0,1998
5,FL,Florida,230000.0,98,22540000.0,4508000.0,0.64,14426000.0,1998
6,GA,Georgia,75000.0,56,4200000.0,307000.0,0.69,2898000.0,1998
7,HI,Hawaii,8000.0,118,944000.0,66000.0,0.77,727000.0,1998
8,ID,Idaho,120000.0,50,6000000.0,2220000.0,0.65,3900000.0,1998
9,IL,Illinois,9000.0,71,639000.0,204000.0,1.19,760000.0,1998
10,IN,Indiana,9000.0,92,828000.0,489000.0,0.85,704000.0,1998
11,IA,Iowa,50000.0,78,3900000.0,2301000.0,0.7,2730000.0,1998
12,KS,Kansas,16000.0,46,736000.0,390000.0,0.87,640000.0,1998
13,KY,Kentucky,3000.0,50,150000.0,51000.0,1.4,210000.0,1998
14,LA,Louisiana,41000.0,111,4551000.0,865000.0,0.59,2685000.0,1998
15,ME,Maine,10000.0,26,260000.0,117000.0,0.69,179000.0,1998
16,MD,Maryland,7000.0,44,308000.0,92000.0,1.1,339000.0,1998
17,MI,Michigan,80000.0,85,6800000.0,3672000.0,0.66,4488000.0,1998
18,MN,Minnesota,140000.0,79,11060000.0,2765000.0,0.65,7189000.0,1998
19,MS,Mississippi,18000.0,86,1548000.0,898000.0,0.58,898000.0,1998
20,MO,Missouri,23000.0,66,1518000.0,455000.0,0.76,1154000.0,1998
21,MT,Montana,115000.0,122,14030000.0,5472000.0,0.64,8979000.0,1998
22,NE,Nebraska,64000.0,70,4480000.0,2240000.0,0.86,3853000.0,1998
23,NV,Nevada,10000.0,46,460000.0,175000.0,1.65,759000.0,1998
24,NJ,New Jersey,11000.0,49,539000.0,167000.0,0.76,410000.0,1998
25,NM,New Mexico,14000.0,55,770000.0,470000.0,0.76,585000.0,1998
26,NY,New York,65000.0,80,5200000.0,2444000.0,0.7,3640000.0,1998
27,NC,North Carolina,8000.0,59,472000.0,151000.0,1.38,651000.0,1998
28,ND,North Dakota,230000.0,128,29440000.0,8832000.0,0.63,18547000.0,1998
29,OH,Ohio,18000.0,78,1404000.0,702000.0,0.83,1165000.0,1998
30,OK,Oklahoma,4000.0,51,204000.0,63000.0,1.24,253000.0,1998
31,OR,Oregon,50000.0,45,2250000.0,1620000.0,0.9,2025000.0,1998
32,PA,Pennsylvania,26000.0,66,1716000.0,789000.0,0.8,1373000.0,1998
33,SD,South Dakota,225000.0,95,21375000.0,10901000.0,0.64,13680000.0,1998
34,TN,Tennessee,7000.0,64,448000.0,121000.0,1.32,591000.0,1998
35,TX,Texas,91000.0,77,7007000.0,1612000.0,0.62,4344000.0,1998
36,UT,Utah,30000.0,58,1740000.0,557000.0,0.65,1131000.0,1998
37,VT,Vermont,6000.0,64,384000.0,207000.0,0.85,326000.0,1998
38,VA,Virginia,8000.0,37,296000.0,86000.0,1.33,394000.0,1998
39,WA,Washington,58000.0,51,2958000.0,1361000.0,0.64,1893000.0,1998
40,WV,West Virginia,6000.0,55,330000.0,155000.0,1.14,376000.0,1998
41,WI,Wisconsin,89000.0,91,8099000.0,5264000.0,0.72,5831000.0,1998
42,WY,Wyoming,46000.0,60,2760000.0,524000.0,0.68,1877000.0,1998
43,AL,Alabama,17000.0,68,1156000.0,185000.0,0.56,647000.0,1999
44,AZ,Arizona,52000.0,62,3224000.0,1548000.0,0.62,1999000.0,1999
45,AR,Arkansas,52000.0,89,4628000.0,2592000.0,0.53,2453000.0,1999
46,CA,California,465000.0,60,27900000.0,9486000.0,0.55,15345000.0,1999
47,CO,Colorado,27000.0,76,2052000.0,1436000.0,0.68,1395000.0,1999
48,FL,Florida,228000.0,102,23256000.0,4186000.0,0.53,12326000.0,1999
49,GA,Georgia,65000.0,51,3315000.0,497000.0,0.64,2122000.0,1999
50,HI,Hawaii,8000.0,80,640000.0,32000.0,0.8,512000.0,1999
51,ID,Idaho,120000.0,48,5760000.0,3110000.0,0.59,3398000.0,1999
52,IL,Illinois,9000.0,66,594000.0,327000.0,1.15,683000.0,1999
53,IN,Indiana,10000.0,81,810000.0,437000.0,0.9,729000.0,1999
54,IA,Iowa,40000.0,65,2600000.0,2028000.0,0.65,1690000.0,1999
55,KS,Kansas,13000.0,67,871000.0,854000.0,1.11,967000.0,1999
56,KY,Kentucky,3000.0,50,150000.0,12000.0,1.24,186000.0,1999
57,LA,Louisiana,48000.0,114,5472000.0,821000.0,0.49,2681000.0,1999
58,ME,Maine,14000.0,22,308000.0,89000.0,0.83,256000.0,1999
59,MD,Maryland,6000.0,46,276000.0,50000.0,1.64,453000.0,1999
60,MI,Michigan,73000.0,85,6205000.0,3475000.0,0.66,4095000.0,1999
61,MN,Minnesota,145000.0,82,11890000.0,3210000.0,0.61,7253000.0,1999
62,MS,Mississippi,18000.0,73,1314000.0,591000.0,0.54,710000.0,1999
63,MO,Missouri,24000.0,65,1560000.0,437000.0,0.68,1061000.0,1999
64,MT,Montana,122000.0,70,8540000.0,2135000.0,0.6,5124000.0,1999
65,NE,Nebraska,58000.0,77,4466000.0,1965000.0,0.61,2724000.0,1999
66,NV,Nevada,9000.0,45,405000.0,271000.0,1.54,624000.0,1999
67,NJ,New Jersey,10000.0,44,440000.0,154000.0,0.57,251000.0,1999
68,NM,New Mexico,15000.0,52,780000.0,476000.0,0.77,601000.0,1999
69,NY,New York,69000.0,70,4830000.0,2077000.0,0.66,3188000.0,1999
70,NC,North Carolina,9000.0,46,414000.0,104000.0,1.62,671000.0,1999
71,ND,North Dakota,255000.0,105,26775000.0,8836000.0,0.59,15797000.0,1999
72,OH,Ohio,20000.0,74,1480000.0,784000.0,0.72,1066000.0,1999
73,OK,Oklahoma,6000.0,45,270000.0,49000.0,1.34,362000.0,1999
74,OR,Oregon,45000.0,57,2565000.0,2026000.0,0.8,2052000.0,1999
75,PA,Pennsylvania,28000.0,60,1680000.0,790000.0,0.76,1277000.0,1999
76,SD,South Dakota,224000.0,104,23296000.0,13046000.0,0.6,13978000.0,1999
77,TN,Tennessee,8000.0,51,408000.0,106000.0,1.3,530000.0,1999
78,TX,Texas,108000.0,81,8748000.0,2799000.0,0.64,5599000.0,1999
79,UT,Utah,26000.0,45,1170000.0,433000.0,0.68,796000.0,1999
80,VT,Vermont,6000.0,66,396000.0,222000.0,0.63,249000.0,1999
81,VA,Virginia,7000.0,35,245000.0,86000.0,1.17,287000.0,1999
82,WA,Washington,52000.0,50,2600000.0,1170000.0,0.6,1560000.0,1999
83,WV,West Virginia,6000.0,39,234000.0,152000.0,1.09,255000.0,1999
84,WI,Wisconsin,80000.0,75,6000000.0,4560000.0,0.68,4080000.0,1999
85,WY,Wyoming,37000.0,72,2664000.0,746000.0,0.61,1625000.0,1999
86,AL,Alabama,16000.0,78,1248000.0,187000.0,0.59,736000.0,2000
87,AZ,Arizona,40000.0,59,2360000.0,1322000.0,0.73,1723000.0,2000
88,AR,Arkansas,52000.0,93,4836000.0,3337000.0,0.57,2757000.0,2000
89,CA,California,440000.0,70,30800000.0,11396000.0,0.59,18172000.0,2000
90,CO,Colorado,29000.0,60,1740000.0,957000.0,0.62,1079000.0,2000
91,FL,Florida,232000.0,105,24360000.0,2923000.0,0.54,13154000.0,2000
92,GA,Georgia,55000.0,57,3135000.0,376000.0,0.63,1975000.0,2000
93,HI,Hawaii,7000.0,112,784000.0,125000.0,0.82,643000.0,2000
94,ID,Idaho,100000.0,47,4700000.0,2679000.0,0.52,2444000.0,2000
95,IL,Illinois,8000.0,61,488000.0,146000.0,1.17,571000.0,2000
96,IN,Indiana,8000.0,65,520000.0,286000.0,1.03,536000.0,2000
97,IA,Iowa,30000.0,67,2010000.0,1206000.0,0.68,1367000.0,2000
98,KS,Kansas,15000.0,68,1020000.0,520000.0,0.91,928000.0,2000
99,KY,Kentucky,4000.0,48,192000.0,54000.0,1.35,259000.0,2000
100,LA,Louisiana,43000.0,94,4042000.0,1334000.0,0.52,2102000.0,2000
101,ME,Maine,11000.0,21,231000.0,143000.0,0.75,173000.0,2000
102,MD,Maryland,6000.0,46,276000.0,52000.0,1.14,315000.0,2000
103,MI,Michigan,72000.0,75,5400000.0,2970000.0,0.6,3240000.0,2000
104,MN,Minnesota,150000.0,90,13500000.0,3105000.0,0.57,7695000.0,2000
105,MS,Mississippi,17000.0,72,1224000.0,649000.0,0.69,845000.0,2000
106,MO,Missouri,23000.0,75,1725000.0,362000.0,0.6,1035000.0,2000
107,MT,Montana,124000.0,88,10912000.0,4692000.0,0.59,6438000.0,2000
108,NE,Nebraska,50000.0,87,4350000.0,2610000.0,0.59,2567000.0,2000
109,NV,Nevada,10000.0,35,350000.0,95000.0,1.45,508000.0,2000
110,NJ,New Jersey,11000.0,35,385000.0,200000.0,0.61,235000.0,2000
111,NM,New Mexico,15000.0,64,960000.0,739000.0,0.72,691000.0,2000
112,NY,New York,58000.0,80,4640000.0,2274000.0,0.55,2552000.0,2000
113,NC,North Carolina,11000.0,49,539000.0,243000.0,1.43,771000.0,2000
114,ND,North Dakota,300000.0,115,34500000.0,13800000.0,0.57,19665000.0,2000
115,OH,Ohio,18000.0,65,1170000.0,585000.0,0.79,924000.0,2000
116,OK,Oklahoma,7000.0,35,245000.0,64000.0,1.26,309000.0,2000
117,OR,Oregon,48000.0,51,2448000.0,1665000.0,0.66,1616000.0,2000
118,PA,Pennsylvania,25000.0,45,1125000.0,630000.0,0.76,855000.0,2000
119,SD,South Dakota,235000.0,121,28435000.0,12796000.0,0.58,16492000.0,2000
120,TN,Tennessee,9000.0,61,549000.0,104000.0,1.43,785000.0,2000
121,TX,Texas,105000.0,79,8295000.0,2986000.0,0.57,4728000.0,2000
122,UT,Utah,24000.0,41,984000.0,462000.0,0.6,590000.0,2000
123,VT,Vermont,7000.0,59,413000.0,211000.0,0.68,281000.0,2000
124,VA,Virginia,7000.0,42,294000.0,103000.0,1.5,441000.0,2000
125,WA,Washington,52000.0,54,2808000.0,1151000.0,0.58,1629000.0,2000
126,WV,West Virginia,7000.0,54,378000.0,234000.0,1.22,461000.0,2000
127,WI,Wisconsin,84000.0,90,7560000.0,4385000.0,0.68,5141000.0,2000
128,WY,Wyoming,39000.0,93,3627000.0,798000.0,0.59,2140000.0,2000
129,AL,Alabama,14000.0,73,1022000.0,235000.0,0.72,736000.0,2001
130,AZ,Arizona,43000.0,59,2537000.0,1142000.0,0.72,1827000.0,2001
131,AR,Arkansas,50000.0,98,4900000.0,1617000.0,0.65,3185000.0,2001
132,CA,California,460000.0,61,28060000.0,7857000.0,0.69,19361000.0,2001
133,CO,Colorado,26000.0,55,1430000.0,529000.0,0.71,1015000.0,2001
134,FL,Florida,220000.0,100,22000000.0,3432000.0,0.64,14080000.0,2001
135,GA,Georgia,55000.0,57,3135000.0,188000.0,0.7,2195000.0,2001
136,HI,Hawaii,8000.0,87,696000.0,84000.0,0.87,606000.0,2001
137,ID,Idaho,100000.0,46,4600000.0,1610000.0,0.67,3082000.0,2001
138,IL,Illinois,6000.0,76,456000.0,251000.0,1.58,720000.0,2001
139,IN,Indiana,7000.0,76,532000.0,186000.0,0.92,489000.0,2001
140,IA,Iowa,33000.0,51,1683000.0,875000.0,0.75,1262000.0,2001
141,KS,Kansas,13000.0,51,663000.0,530000.0,0.96,636000.0,2001
142,KY,Kentucky,4000.0,78,312000.0,125000.0,1.41,440000.0,2001
143,LA,Louisiana,45000.0,106,4770000.0,572000.0,0.6,2862000.0,2001
144,ME,Maine,11000.0,20,220000.0,106000.0,0.79,174000.0,2001
145,MD,Maryland,4000.0,46,184000.0,55000.0,1.6,294000.0,2001
146,MI,Michigan,76000.0,60,4560000.0,2827000.0,0.81,3694000.0,2001
147,MN,Minnesota,135000.0,81,10935000.0,1859000.0,0.65,7108000.0,2001
148,MS,Mississippi,17000.0,66,1122000.0,224000.0,0.89,999000.0,2001
149,MO,Missouri,22000.0,61,1342000.0,336000.0,0.71,953000.0,2001
150,MT,Montana,136000.0,102,13872000.0,4578000.0,0.67,9294000.0,2001
151,NE,Nebraska,43000.0,48,2064000.0,1115000.0,0.72,1486000.0,2001
152,NV,Nevada,9000.0,50,450000.0,36000.0,2.14,963000.0,2001
153,NJ,New Jersey,11000.0,34,374000.0,71000.0,0.85,318000.0,2001
154,NM,New Mexico,10000.0,70,700000.0,350000.0,0.66,462000.0,2001
155,NY,New York,53000.0,70,3710000.0,1781000.0,0.79,2931000.0,2001
156,NC,North Carolina,13000.0,44,572000.0,172000.0,1.48,847000.0,2001
157,ND,North Dakota,280000.0,96,26880000.0,9408000.0,0.69,18547000.0,2001
158,OH,Ohio,18000.0,81,1458000.0,569000.0,1.01,1473000.0,2001
159,OK,Oklahoma,4000.0,47,188000.0,105000.0,1.43,269000.0,2001
160,OR,Oregon,44000.0,44,1936000.0,1200000.0,0.74,1433000.0,2001
161,PA,Pennsylvania,26000.0,57,1482000.0,785000.0,0.92,1363000.0,2001
162,SC,South Carolina,7000.0,40,280000.0,67000.0,0.79,221000.0,2001
163,SD,South Dakota,235000.0,65,15275000.0,12220000.0,0.71,10845000.0,2001
164,TN,Tennessee,8000.0,59,472000.0,131000.0,1.39,656000.0,2001
165,TX,Texas,97000.0,79,7663000.0,1533000.0,0.65,4981000.0,2001
166,UT,Utah,23000.0,38,874000.0,315000.0,0.65,568000.0,2001
167,VT,Vermont,7000.0,81,567000.0,249000.0,0.92,522000.0,2001
168,VA,Virginia,9000.0,52,468000.0,94000.0,1.26,590000.0,2001
169,WA,Washington,48000.0,52,2496000.0,1048000.0,0.72,1797000.0,2001
170,WV,West Virginia,7000.0,65,455000.0,410000.0,1.42,646000.0,2001
171,WI,Wisconsin,67000.0,81,5427000.0,3419000.0,0.82,4450000.0,2001
172,WY,Wyoming,38000.0,77,2926000.0,468000.0,0.65,1902000.0,2001
173,AL,Alabama,12000.0,86,1032000.0,103000.0,1.18,1218000.0,2002
174,AZ,Arizona,38000.0,63,2394000.0,1197000.0,1.08,2586000.0,2002
175,AR,Arkansas,45000.0,88,3960000.0,871000.0,1.26,4990000.0,2002
176,CA,California,470000.0,50,23500000.0,3525000.0,1.32,31020000.0,2002
177,CO,Colorado,24000.0,60,1440000.0,576000.0,1.29,1858000.0,2002
178,FL,Florida,220000.0,93,20460000.0,2026000.0,1.14,23324000.0,2002
179,GA,Georgia,50000.0,52,2600000.0,52000.0,1.13,2938000.0,2002
180,HI,Hawaii,7000.0,136,952000.0,29000.0,1.11,1057000.0,2002
181,ID,Idaho,100000.0,57,5700000.0,1653000.0,1.37,7809000.0,2002
182,IL,Illinois,9000.0,80,720000.0,130000.0,1.47,1058000.0,2002
183,IN,Indiana,8000.0,62,496000.0,233000.0,1.19,590000.0,2002
184,IA,Iowa,33000.0,70,2310000.0,901000.0,1.43,3303000.0,2002
185,KS,Kansas,17000.0,52,884000.0,407000.0,1.5,1326000.0,2002
186,KY,Kentucky,5000.0,54,270000.0,78000.0,1.63,440000.0,2002
187,LA,Louisiana,35000.0,124,4340000.0,347000.0,1.16,5034000.0,2002
188,ME,Maine,11000.0,41,451000.0,266000.0,1.21,546000.0,2002
189,MD,Maryland,3000.0,46,138000.0,21000.0,1.96,270000.0,2002
190,MI,Michigan,72000.0,77,5544000.0,1885000.0,1.4,7762000.0,2002
191,MN,Minnesota,117000.0,73,8541000.0,1110000.0,1.47,12555000.0,2002
192,MS,Mississippi,18000.0,78,1404000.0,281000.0,1.23,1727000.0,2002
193,MO,Missouri,18000.0,50,900000.0,189000.0,1.42,1278000.0,2002
194,MT,Montana,134000.0,63,8442000.0,1097000.0,1.38,11650000.0,2002
195,NE,Nebraska,43000.0,75,3225000.0,1161000.0,1.49,4805000.0,2002
196,NV,Nevada,9000.0,62,558000.0,61000.0,2.67,1490000.0,2002
197,NJ,New Jersey,11000.0,40,440000.0,92000.0,1.0,440000.0,2002
198,NM,New Mexico,11000.0,44,484000.0,252000.0,1.1,532000.0,2002
199,NY,New York,60000.0,98,5880000.0,2470000.0,1.25,7350000.0,2002
200,NC,North Carolina,16000.0,42,672000.0,74000.0,1.41,948000.0,2002
201,ND,North Dakota,320000.0,75,24000000.0,8160000.0,1.46,35040000.0,2002
202,OH,Ohio,18000.0,70,1260000.0,504000.0,1.44,1814000.0,2002
203,OK,Oklahoma,3000.0,53,159000.0,51000.0,1.63,259000.0,2002
204,OR,Oregon,43000.0,49,2107000.0,885000.0,1.35,2844000.0,2002
205,PA,Pennsylvania,29000.0,57,1653000.0,827000.0,1.34,2215000.0,2002
206,SC,South Carolina,5000.0,94,470000.0,14000.0,1.25,588000.0,2002
207,SD,South Dakota,225000.0,51,11475000.0,2410000.0,1.42,16295000.0,2002
208,TN,Tennessee,8000.0,61,488000.0,137000.0,1.4,683000.0,2002
209,TX,Texas,114000.0,67,7638000.0,985000.0,1.14,8707000.0,2002
210,UT,Utah,22000.0,59,1298000.0,208000.0,1.3,1687000.0,2002
211,VT,Vermont,7000.0,89,623000.0,274000.0,1.2,748000.0,2002
212,VA,Virginia,8000.0,38,304000.0,79000.0,1.9,578000.0,2002
213,WA,Washington,50000.0,51,2550000.0,561000.0,1.27,3239000.0,2002
214,WV,West Virginia,9000.0,51,459000.0,151000.0,1.32,606000.0,2002
215,WI,Wisconsin,70000.0,95,6650000.0,2461000.0,1.34,8911000.0,2002
216,WY,Wyoming,38000.0,63,2394000.0,383000.0,1.33,3184000.0,2002
217,AL,Alabama,13000.0,82,1066000.0,43000.0,1.24,1322000.0,2003
218,AZ,Arizona,35000.0,72,2520000.0,983000.0,1.34,3377000.0,2003
219,AR,Arkansas,40000.0,75,3000000.0,810000.0,1.26,3780000.0,2003
220,CA,California,480000.0,67,32160000.0,6432000.0,1.39,44702000.0,2003
221,CO,Colorado,24000.0,86,2064000.0,722000.0,1.4,2890000.0,2003
222,FL,Florida,210000.0,71,14910000.0,1491000.0,1.32,19681000.0,2003
223,GA,Georgia,52000.0,65,3380000.0,270000.0,1.28,4326000.0,2003
224,HI,Hawaii,7000.0,114,798000.0,43000.0,1.45,1157000.0,2003
225,ID,Idaho,100000.0,46,4600000.0,1380000.0,1.33,6118000.0,2003
226,IL,Illinois,7000.0,60,420000.0,252000.0,1.83,769000.0,2003
227,IN,Indiana,5000.0,56,280000.0,78000.0,1.66,465000.0,2003
228,IA,Iowa,32000.0,59,1888000.0,868000.0,1.42,2681000.0,2003
229,KS,Kansas,16000.0,57,912000.0,447000.0,1.41,1286000.0,2003
230,KY,Kentucky,5000.0,48,240000.0,14000.0,1.67,401000.0,2003
231,LA,Louisiana,34000.0,90,3060000.0,275000.0,1.24,3794000.0,2003
232,ME,Maine,8000.0,33,264000.0,145000.0,1.41,372000.0,2003
233,MD,Maryland,2000.0,42,84000.0,21000.0,1.93,162000.0,2003
234,MI,Michigan,65000.0,74,4810000.0,1732000.0,1.41,6782000.0,2003
235,MN,Minnesota,120000.0,83,9960000.0,1892000.0,1.44,14342000.0,2003
236,MS,Mississippi,21000.0,69,1449000.0,246000.0,1.29,1869000.0,2003
237,MO,Missouri,17000.0,53,901000.0,189000.0,1.41,1270000.0,2003
238,MT,Montana,145000.0,66,9570000.0,1914000.0,1.44,13781000.0,2003
239,NE,Nebraska,45000.0,74,3330000.0,1299000.0,1.38,4595000.0,2003
240,NV,Nevada,6000.0,64,384000.0,46000.0,2.04,783000.0,2003
241,NJ,New Jersey,10000.0,19,190000.0,101000.0,1.6,304000.0,2003
242,NM,New Mexico,6000.0,41,246000.0,108000.0,1.2,295000.0,2003
243,NY,New York,67000.0,72,4824000.0,1640000.0,1.36,6561000.0,2003
244,NC,North Carolina,10000.0,44,440000.0,79000.0,1.92,845000.0,2003
245,ND,North Dakota,340000.0,87,29580000.0,6803000.0,1.36,40229000.0,2003
246,OH,Ohio,15000.0,50,750000.0,278000.0,1.4,1050000.0,2003
247,OK,Oklahoma,3000.0,47,141000.0,69000.0,1.84,259000.0,2003
248,OR,Oregon,42000.0,51,2142000.0,964000.0,1.27,2720000.0,2003
249,PA,Pennsylvania,27000.0,50,1350000.0,419000.0,1.44,1944000.0,2003
250,SC,South Carolina,4000.0,70,280000.0,8000.0,1.89,529000.0,2003
251,SD,South Dakota,215000.0,70,15050000.0,2709000.0,1.43,21522000.0,2003
252,TN,Tennessee,6000.0,40,240000.0,46000.0,1.52,365000.0,2003
253,TX,Texas,140000.0,67,9380000.0,1126000.0,1.4,13132000.0,2003
254,UT,Utah,25000.0,57,1425000.0,157000.0,1.28,1824000.0,2003
255,VT,Vermont,7000.0,83,581000.0,163000.0,1.96,1139000.0,2003
256,VA,Virginia,6000.0,37,222000.0,69000.0,1.68,373000.0,2003
257,WA,Washington,58000.0,56,3248000.0,942000.0,1.46,4742000.0,2003
258,WV,West Virginia,8000.0,47,376000.0,194000.0,1.89,711000.0,2003
259,WI,Wisconsin,74000.0,77,5698000.0,2678000.0,1.47,8376000.0,2003
260,WY,Wyoming,39000.0,81,3159000.0,474000.0,1.41,4454000.0,2003
261,AL,Alabama,12000.0,87,1044000.0,282000.0,1.41,1472000.0,2004
262,AZ,Arizona,32000.0,55,1760000.0,774000.0,1.11,1954000.0,2004
263,AR,Arkansas,40000.0,57,2280000.0,388000.0,0.87,1984000.0,2004
264,CA,California,390000.0,45,17550000.0,5792000.0,1.05,18428000.0,2004
265,CO,Colorado,23000.0,80,1840000.0,791000.0,1.35,2484000.0,2004
266,FL,Florida,205000.0,98,20090000.0,2009000.0,1.02,20492000.0,2004
267,GA,Georgia,63000.0,49,3087000.0,648000.0,1.2,3704000.0,2004
268,HI,Hawaii,8000.0,96,768000.0,77000.0,1.59,1221000.0,2004
269,ID,Idaho,100000.0,63,6300000.0,2520000.0,1.02,6426000.0,2004
270,IL,Illinois,7000.0,55,385000.0,193000.0,1.86,716000.0,2004
271,IN,Indiana,7000.0,59,413000.0,145000.0,1.47,607000.0,2004
272,IA,Iowa,35000.0,67,2345000.0,1337000.0,1.06,2486000.0,2004
273,KS,Kansas,14000.0,80,1120000.0,683000.0,1.18,1322000.0,2004
274,KY,Kentucky,5000.0,56,280000.0,34000.0,1.96,549000.0,2004
275,LA,Louisiana,35000.0,98,3430000.0,240000.0,0.79,2710000.0,2004
276,ME,Maine,7000.0,31,217000.0,37000.0,1.28,278000.0,2004
277,MI,Michigan,65000.0,67,4355000.0,2439000.0,1.16,5052000.0,2004
278,MN,Minnesota,135000.0,75,10125000.0,1924000.0,1.08,10935000.0,2004
279,MS,Mississippi,18000.0,65,1170000.0,421000.0,0.79,924000.0,2004
280,MO,Missouri,16000.0,41,656000.0,151000.0,1.36,892000.0,2004
281,MT,Montana,140000.0,77,10780000.0,3773000.0,1.08,11642000.0,2004
282,NE,Nebraska,51000.0,89,4539000.0,2043000.0,1.01,4584000.0,2004
283,NV,Nevada,14000.0,55,770000.0,316000.0,1.78,1371000.0,2004
284,NJ,New Jersey,12000.0,27,324000.0,45000.0,1.4,454000.0,2004
285,NM,New Mexico,8000.0,44,352000.0,127000.0,1.19,419000.0,2004
286,NY,New York,64000.0,67,4288000.0,1887000.0,1.36,5832000.0,2004
287,NC,North Carolina,9000.0,40,360000.0,72000.0,1.93,695000.0,2004
288,ND,North Dakota,390000.0,78,30420000.0,9126000.0,1.05,31941000.0,2004
289,OH,Ohio,16000.0,58,928000.0,353000.0,1.53,1420000.0,2004
290,OR,Oregon,42000.0,54,2268000.0,1111000.0,1.21,2744000.0,2004
291,PA,Pennsylvania,30000.0,54,1620000.0,810000.0,1.42,2300000.0,2004
292,SD,South Dakota,215000.0,105,22575000.0,13545000.0,1.01,22801000.0,2004
293,TN,Tennessee,6000.0,54,324000.0,91000.0,1.73,561000.0,2004
294,TX,Texas,116000.0,76,8816000.0,1411000.0,0.97,8552000.0,2004
295,UT,Utah,24000.0,70,1680000.0,554000.0,1.1,1848000.0,2004
296,VT,Vermont,6000.0,68,408000.0,192000.0,1.51,616000.0,2004
297,VA,Virginia,7000.0,38,266000.0,69000.0,2.1,559000.0,2004
298,WA,Washington,56000.0,63,3528000.0,1376000.0,0.98,3457000.0,2004
299,WV,West Virginia,9000.0,55,495000.0,183000.0,1.41,698000.0,2004
300,WI,Wisconsin,68000.0,86,5848000.0,2632000.0,1.19,6959000.0,2004
301,WY,Wyoming,39000.0,75,2925000.0,380000.0,1.1,3218000.0,2004
302,AL,Alabama,13000.0,66,858000.0,266000.0,1.02,875000.0,2005
303,AZ,Arizona,36000.0,50,1800000.0,720000.0,1.04,1872000.0,2005
304,AR,Arkansas,36000.0,69,2484000.0,571000.0,0.97,2409000.0,2005
305,CA,California,400000.0,75,30000000.0,9300000.0,0.86,25800000.0,2005
306,CO,Colorado,28000.0,70,1960000.0,902000.0,0.97,1901000.0,2005
307,FL,Florida,160000.0,86,13760000.0,2477000.0,0.87,11971000.0,2005
308,GA,Georgia,59000.0,49,2891000.0,434000.0,0.89,2573000.0,2005
309,HI,Hawaii,9000.0,131,1179000.0,283000.0,1.43,1686000.0,2005
310,ID,Idaho,95000.0,37,3515000.0,1793000.0,0.8,2812000.0,2005
311,IL,Illinois,8000.0,85,680000.0,408000.0,1.84,1251000.0,2005
312,IN,Indiana,8000.0,64,512000.0,189000.0,1.18,604000.0,2005
313,IA,Iowa,28000.0,88,2464000.0,1232000.0,1.21,2981000.0,2005
314,KS,Kansas,16000.0,50,800000.0,328000.0,1.05,840000.0,2005
315,KY,Kentucky,5000.0,50,250000.0,40000.0,2.08,520000.0,2005
316,LA,Louisiana,35000.0,97,3395000.0,611000.0,0.72,2444000.0,2005
317,ME,Maine,8000.0,26,208000.0,193000.0,1.66,345000.0,2005
318,MI,Michigan,65000.0,68,4420000.0,2519000.0,0.94,4155000.0,2005
319,MN,Minnesota,120000.0,74,8880000.0,1598000.0,0.9,7992000.0,2005
320,MS,Mississippi,16000.0,80,1280000.0,346000.0,0.67,858000.0,2005
321,MO,Missouri,15000.0,50,750000.0,180000.0,1.22,915000.0,2005
322,MT,Montana,130000.0,67,8710000.0,3136000.0,0.86,7491000.0,2005
323,NE,Nebraska,40000.0,68,2720000.0,2530000.0,0.87,2366000.0,2005
324,NV,Nevada,12000.0,46,552000.0,442000.0,3.11,1717000.0,2005
325,NJ,New Jersey,12000.0,32,384000.0,104000.0,1.2,461000.0,2005
326,NM,New Mexico,7000.0,49,343000.0,113000.0,1.03,353000.0,2005
327,NY,New York,59000.0,73,4307000.0,2283000.0,1.34,5771000.0,2005
328,NC,North Carolina,10000.0,54,540000.0,146000.0,1.88,1015000.0,2005
329,ND,North Dakota,370000.0,91,33670000.0,8418000.0,0.83,27946000.0,2005
330,OH,Ohio,15000.0,69,1035000.0,580000.0,1.4,1449000.0,2005
331,OR,Oregon,39000.0,42,1638000.0,557000.0,1.08,1769000.0,2005
332,PA,Pennsylvania,28000.0,56,1568000.0,800000.0,1.12,1756000.0,2005
333,SD,South Dakota,220000.0,79,17380000.0,11818000.0,0.83,14425000.0,2005
334,TN,Tennessee,7000.0,55,385000.0,92000.0,1.67,643000.0,2005
335,TX,Texas,84000.0,71,5964000.0,954000.0,0.86,5129000.0,2005
336,UT,Utah,24000.0,45,1080000.0,346000.0,0.95,1026000.0,2005
337,VT,Vermont,6000.0,91,546000.0,169000.0,1.12,612000.0,2005
338,VA,Virginia,8000.0,37,296000.0,59000.0,2.2,651000.0,2005
339,WA,Washington,51000.0,55,2805000.0,1935000.0,1.01,2833000.0,2005
340,WV,West Virginia,8000.0,51,408000.0,102000.0,1.29,526000.0,2005
341,WI,Wisconsin,64000.0,83,5312000.0,2922000.0,1.14,6056000.0,2005
342,WY,Wyoming,40000.0,56,2240000.0,291000.0,0.89,1994000.0,2005
343,AL,Alabama,11000.0,72,792000.0,230000.0,1.21,958000.0,2006
344,AZ,Arizona,30000.0,65,1950000.0,839000.0,0.91,1775000.0,2006
345,AR,Arkansas,32000.0,76,2432000.0,730000.0,0.89,2164000.0,2006
346,CA,California,380000.0,52,19760000.0,7706000.0,0.97,19167000.0,2006
347,CO,Colorado,36000.0,75,2700000.0,1458000.0,1.04,2808000.0,2006
348,FL,Florida,170000.0,81,13770000.0,1790000.0,1.0,13770000.0,2006
349,GA,Georgia,63000.0,74,4662000.0,746000.0,1.2,5594000.0,2006
350,HI,Hawaii,10000.0,93,930000.0,233000.0,1.21,1125000.0,2006
351,ID,Idaho,95000.0,44,4180000.0,2592000.0,0.97,4055000.0,2006
352,IL,Illinois,10000.0,66,660000.0,356000.0,2.14,1412000.0,2006
353,IN,Indiana,7000.0,54,378000.0,125000.0,1.58,597000.0,2006
354,IA,Iowa,26000.0,84,2184000.0,1441000.0,1.37,2992000.0,2006
355,KS,Kansas,14000.0,55,770000.0,246000.0,1.17,901000.0,2006
356,KY,Kentucky,5000.0,56,280000.0,70000.0,2.19,613000.0,2006
357,LA,Louisiana,30000.0,90,2700000.0,675000.0,0.9,2430000.0,2006
358,ME,Maine,11000.0,23,253000.0,86000.0,1.6,405000.0,2006
359,MI,Michigan,72000.0,55,3960000.0,2099000.0,1.15,4554000.0,2006
360,MN,Minnesota,125000.0,80,10000000.0,3300000.0,0.94,9400000.0,2006
361,MS,Mississippi,14000.0,98,1372000.0,453000.0,0.93,1276000.0,2006
362,MO,Missouri,15000.0,46,690000.0,117000.0,0.98,676000.0,2006
363,MT,Montana,132000.0,79,10428000.0,1981000.0,0.95,9907000.0,2006
364,NE,Nebraska,47000.0,73,3431000.0,3843000.0,0.93,3191000.0,2006
365,NV,Nevada,9000.0,37,333000.0,50000.0,3.62,1205000.0,2006
366,NJ,New Jersey,9000.0,36,324000.0,152000.0,1.14,369000.0,2006
367,NM,New Mexico,7000.0,48,336000.0,104000.0,1.19,400000.0,2006
368,NY,New York,58000.0,64,3712000.0,2376000.0,1.3,4826000.0,2006
369,NC,North Carolina,10000.0,50,500000.0,215000.0,1.57,785000.0,2006
370,ND,North Dakota,350000.0,74,25900000.0,7770000.0,0.91,23569000.0,2006
371,OH,Ohio,14000.0,56,784000.0,282000.0,1.4,1098000.0,2006
372,OR,Oregon,46000.0,48,2208000.0,729000.0,1.05,2318000.0,2006
373,PA,Pennsylvania,28000.0,40,1120000.0,605000.0,1.63,1826000.0,2006
374,SD,South Dakota,225000.0,47,10575000.0,10575000.0,0.94,9941000.0,2006
375,TN,Tennessee,7000.0,55,385000.0,58000.0,1.84,708000.0,2006
376,TX,Texas,82000.0,70,5740000.0,976000.0,0.89,5109000.0,2006
377,UT,Utah,26000.0,50,1300000.0,299000.0,0.98,1274000.0,2006
378,VT,Vermont,6000.0,56,336000.0,144000.0,1.2,403000.0,2006
379,VA,Virginia,8000.0,42,336000.0,114000.0,2.2,739000.0,2006
380,WA,Washington,49000.0,52,2548000.0,1605000.0,1.24,3160000.0,2006
381,WV,West Virginia,6000.0,42,252000.0,68000.0,2.02,509000.0,2006
382,WI,Wisconsin,64000.0,93,5952000.0,2500000.0,1.12,6666000.0,2006
383,WY,Wyoming,39000.0,85,3315000.0,497000.0,0.98,3249000.0,2006
384,AL,Alabama,11000.0,56,616000.0,209000.0,1.49,918000.0,2007
385,AZ,Arizona,30000.0,64,1920000.0,902000.0,1.26,2419000.0,2007
386,AR,Arkansas,28000.0,80,2240000.0,672000.0,0.95,2128000.0,2007
387,CA,California,340000.0,40,13600000.0,3672000.0,1.04,14144000.0,2007
388,CO,Colorado,31000.0,51,1581000.0,838000.0,1.15,1818000.0,2007
389,FL,Florida,160000.0,71,11360000.0,1363000.0,0.99,11246000.0,2007
390,GA,Georgia,60000.0,58,3480000.0,522000.0,1.19,4141000.0,2007
391,HI,Hawaii,10000.0,92,920000.0,285000.0,1.7,1564000.0,2007
392,ID,Idaho,92000.0,41,3772000.0,1848000.0,1.15,4338000.0,2007
393,IL,Illinois,9000.0,63,567000.0,374000.0,2.49,1412000.0,2007
394,IN,Indiana,8000.0,53,424000.0,119000.0,1.5,636000.0,2007
395,IA,Iowa,26000.0,81,2106000.0,1221000.0,1.31,2759000.0,2007
396,KS,Kansas,14000.0,40,560000.0,196000.0,1.18,661000.0,2007
397,KY,Kentucky,4000.0,61,244000.0,54000.0,2.12,517000.0,2007
398,LA,Louisiana,29000.0,89,2581000.0,413000.0,1.08,2787000.0,2007
399,ME,Maine,9000.0,26,234000.0,59000.0,1.32,309000.0,2007
400,MI,Michigan,72000.0,64,4608000.0,2350000.0,1.19,5484000.0,2007
401,MN,Minnesota,130000.0,68,8840000.0,2564000.0,1.04,9194000.0,2007
402,MS,Mississippi,15000.0,92,1380000.0,166000.0,0.91,1256000.0,2007
403,MO,Missouri,14000.0,46,644000.0,148000.0,1.12,721000.0,2007
404,MT,Montana,135000.0,68,9180000.0,2479000.0,0.99,9088000.0,2007
405,NE,Nebraska,45000.0,49,2205000.0,1477000.0,1.03,2271000.0,2007
406,NV,Nevada,10000.0,28,280000.0,67000.0,2.99,837000.0,2007
407,NJ,New Jersey,9000.0,57,513000.0,185000.0,1.96,1005000.0,2007
408,NM,New Mexico,6000.0,59,354000.0,138000.0,1.42,503000.0,2007
409,NY,New York,53000.0,57,3021000.0,1843000.0,1.38,4169000.0,2007
410,NC,North Carolina,12000.0,45,540000.0,76000.0,2.49,1345000.0,2007
411,ND,North Dakota,420000.0,74,31080000.0,9013000.0,0.96,29837000.0,2007
412,OH,Ohio,14000.0,61,854000.0,376000.0,1.77,1512000.0,2007
413,OR,Oregon,46000.0,43,1978000.0,1088000.0,1.31,2591000.0,2007
414,PA,Pennsylvania,25000.0,42,1050000.0,326000.0,1.7,1785000.0,2007
415,SD,South Dakota,255000.0,52,13260000.0,10608000.0,1.02,13525000.0,2007
416,TN,Tennessee,7000.0,65,455000.0,114000.0,1.99,905000.0,2007
417,TX,Texas,105000.0,82,8610000.0,1550000.0,0.96,8266000.0,2007
418,UT,Utah,28000.0,42,1176000.0,270000.0,1.13,1329000.0,2007
419,VT,Vermont,5000.0,64,320000.0,96000.0,1.7,544000.0,2007
420,VA,Virginia,6000.0,46,276000.0,63000.0,2.43,671000.0,2007
421,WA,Washington,46000.0,44,2024000.0,648000.0,1.25,2530000.0,2007
422,WV,West Virginia,6000.0,48,288000.0,95000.0,2.09,602000.0,2007
423,WI,Wisconsin,60000.0,84,5040000.0,3024000.0,1.22,6149000.0,2007
424,WY,Wyoming,43000.0,80,3440000.0,894000.0,1.0,3440000.0,2007
425,AL,Alabama,9000.0,66,594000.0,214000.0,1.9,1129000.0,2008
426,AZ,Arizona,25000.0,64,1600000.0,336000.0,1.26,2016000.0,2008
427,AR,Arkansas,28000.0,75,2100000.0,525000.0,1.35,2835000.0,2008
428,CA,California,360000.0,51,18360000.0,4039000.0,1.39,25520000.0,2008
429,CO,Colorado,27000.0,45,1215000.0,656000.0,1.51,1835000.0,2008
430,FL,Florida,150000.0,79,11850000.0,1304000.0,1.32,15642000.0,2008
431,GA,Georgia,65000.0,71,4615000.0,369000.0,1.52,7015000.0,2008
432,HI,Hawaii,10000.0,90,900000.0,225000.0,1.59,1431000.0,2008
433,ID,Idaho,90000.0,40,3600000.0,1440000.0,1.46,5256000.0,2008
434,IL,Illinois,8000.0,56,448000.0,116000.0,2.59,1160000.0,2008
435,IN,Indiana,7000.0,67,469000.0,150000.0,1.68,788000.0,2008
436,IA,Iowa,24000.0,62,1488000.0,580000.0,1.58,2351000.0,2008
437,KS,Kansas,10000.0,61,610000.0,128000.0,1.55,946000.0,2008
438,KY,Kentucky,4000.0,39,156000.0,27000.0,2.44,381000.0,2008
439,LA,Louisiana,40000.0,77,3080000.0,493000.0,1.36,4189000.0,2008
440,ME,Maine,7000.0,42,294000.0,79000.0,1.57,462000.0,2008
441,MI,Michigan,71000.0,73,5183000.0,2021000.0,1.44,7464000.0,2008
442,MN,Minnesota,122000.0,78,9516000.0,2569000.0,1.39,13227000.0,2008
443,MS,Mississippi,14000.0,98,1372000.0,110000.0,1.3,1784000.0,2008
444,MO,Missouri,11000.0,53,583000.0,152000.0,1.68,979000.0,2008
445,MT,Montana,134000.0,70,9380000.0,4596000.0,1.37,12851000.0,2008
446,NE,Nebraska,36000.0,67,2412000.0,1254000.0,1.45,3497000.0,2008
447,NV,Nevada,10000.0,29,290000.0,52000.0,1.42,412000.0,2008
448,NJ,New Jersey,9000.0,40,360000.0,122000.0,1.62,583000.0,2008
449,NM,New Mexico,6000.0,48,288000.0,95000.0,1.48,426000.0,2008
450,NY,New York,50000.0,70,3500000.0,1260000.0,1.65,5775000.0,2008
451,NC,North Carolina,12000.0,52,624000.0,137000.0,2.18,1360000.0,2008
452,ND,North Dakota,400000.0,90,36000000.0,8640000.0,1.36,48960000.0,2008
453,OH,Ohio,14000.0,53,742000.0,371000.0,1.68,1247000.0,2008
454,OR,Oregon,50000.0,43,2150000.0,1097000.0,1.41,3032000.0,2008
455,PA,Pennsylvania,23000.0,48,1104000.0,276000.0,1.65,1822000.0,2008
456,SD,South Dakota,225000.0,95,21375000.0,11970000.0,1.34,28643000.0,2008
457,TN,Tennessee,7000.0,61,427000.0,149000.0,2.09,892000.0,2008
458,TX,Texas,77000.0,64,4928000.0,1380000.0,1.34,6604000.0,2008
459,UT,Utah,28000.0,48,1344000.0,242000.0,1.57,2110000.0,2008
460,VT,Vermont,5000.0,66,330000.0,119000.0,2.2,726000.0,2008
461,VA,Virginia,6000.0,42,252000.0,45000.0,2.42,610000.0,2008
462,WA,Washington,49000.0,44,2156000.0,862000.0,1.51,3256000.0,2008
463,WV,West Virginia,6000.0,43,258000.0,49000.0,2.16,557000.0,2008
464,WI,Wisconsin,58000.0,80,4640000.0,2366000.0,1.5,6960000.0,2008
465,WY,Wyoming,39000.0,61,2379000.0,381000.0,1.37,3259000.0,2008
466,AL,Alabama,9000.0,50,450000.0,68000.0,1.86,837000.0,2009
467,AZ,Arizona,20000.0,52,1040000.0,562000.0,1.45,1508000.0,2009
468,AR,Arkansas,24000.0,57,1368000.0,301000.0,1.42,1943000.0,2009
469,CA,California,355000.0,33,11715000.0,2109000.0,1.39,16284000.0,2009
470,CO,Colorado,28000.0,53,1484000.0,326000.0,1.43,2122000.0,2009
471,FL,Florida,170000.0,68,11560000.0,1618000.0,1.42,16415000.0,2009
472,GA,Georgia,65000.0,41,2665000.0,346000.0,1.47,3918000.0,2009
473,HI,Hawaii,10000.0,95,950000.0,323000.0,1.76,1672000.0,2009
474,ID,Idaho,103000.0,46,4738000.0,1706000.0,1.52,7202000.0,2009
475,IL,Illinois,8000.0,34,272000.0,57000.0,2.55,694000.0,2009
476,IN,Indiana,9000.0,32,288000.0,101000.0,2.02,582000.0,2009
477,IA,Iowa,26000.0,42,1092000.0,339000.0,1.6,1747000.0,2009
478,KS,Kansas,9000.0,63,567000.0,164000.0,1.85,1049000.0,2009
479,KY,Kentucky,5000.0,35,175000.0,25000.0,2.71,474000.0,2009
480,LA,Louisiana,37000.0,103,3811000.0,610000.0,1.36,5183000.0,2009
481,ME,Maine,6000.0,50,300000.0,51000.0,1.95,585000.0,2009
482,MI,Michigan,66000.0,60,3960000.0,1505000.0,1.55,6138000.0,2009
483,MN,Minnesota,122000.0,65,7930000.0,1427000.0,1.44,11419000.0,2009
484,MS,Mississippi,14000.0,104,1456000.0,87000.0,1.32,1922000.0,2009
485,MO,Missouri,11000.0,47,517000.0,57000.0,1.99,1029000.0,2009
486,MT,Montana,146000.0,70,10220000.0,3577000.0,1.46,14921000.0,2009
487,NE,Nebraska,48000.0,56,2688000.0,1102000.0,1.46,3924000.0,2009
488,NJ,New Jersey,11000.0,32,352000.0,70000.0,2.36,831000.0,2009
489,NM,New Mexico,7000.0,60,420000.0,143000.0,1.59,668000.0,2009
490,NY,New York,45000.0,65,2925000.0,936000.0,1.93,5645000.0,2009
491,NC,North Carolina,11000.0,45,495000.0,84000.0,2.57,1272000.0,2009
492,ND,North Dakota,450000.0,77,34650000.0,7623000.0,1.38,47817000.0,2009
493,OH,Ohio,11000.0,50,550000.0,132000.0,2.81,1546000.0,2009
494,OR,Oregon,55000.0,34,1870000.0,767000.0,1.54,2880000.0,2009
495,PA,Pennsylvania,21000.0,40,840000.0,319000.0,2.03,1705000.0,2009
496,SD,South Dakota,270000.0,66,17820000.0,6237000.0,1.42,25304000.0,2009
497,TN,Tennessee,7000.0,51,357000.0,86000.0,2.37,846000.0,2009
498,TX,Texas,89000.0,63,5607000.0,1065000.0,1.39,7794000.0,2009
499,UT,Utah,26000.0,38,988000.0,198000.0,1.46,1442000.0,2009
500,VT,Vermont,5000.0,49,245000.0,69000.0,2.01,492000.0,2009
501,VA,Virginia,6000.0,39,234000.0,56000.0,3.45,807000.0,2009
502,WA,Washington,62000.0,44,2728000.0,1064000.0,1.58,4310000.0,2009
503,WV,West Virginia,5000.0,37,185000.0,33000.0,2.6,481000.0,2009
504,WI,Wisconsin,63000.0,60,3780000.0,1588000.0,1.58,5972000.0,2009
505,WY,Wyoming,37000.0,48,1776000.0,391000.0,1.43,2540000.0,2009
506,AL,Alabama,9000.0,54,486000.0,73000.0,2.4,1166000.0,2010
507,AZ,Arizona,24000.0,77,1848000.0,665000.0,1.52,2809000.0,2010
508,AR,Arkansas,25000.0,60,1500000.0,360000.0,1.47,2205000.0,2010
509,CA,California,410000.0,67,27470000.0,6318000.0,1.55,42579000.0,2010
510,CO,Colorado,34000.0,56,1904000.0,533000.0,1.52,2894000.0,2010
511,FL,Florida,200000.0,69,13800000.0,1794000.0,1.56,21528000.0,2010
512,GA,Georgia,55000.0,46,2530000.0,152000.0,1.67,4225000.0,2010
513,HI,Hawaii,10000.0,77,770000.0,239000.0,2.75,2118000.0,2010
514,ID,Idaho,97000.0,27,2619000.0,1179000.0,1.61,4217000.0,2010
515,IL,Illinois,9000.0,41,369000.0,92000.0,2.78,1026000.0,2010
516,IN,Indiana,10000.0,43,430000.0,151000.0,2.23,959000.0,2010
517,IA,Iowa,27000.0,49,1323000.0,463000.0,1.92,2540000.0,2010
518,KS,Kansas,9000.0,52,468000.0,103000.0,2.02,945000.0,2010
519,KY,Kentucky,5000.0,67,335000.0,67000.0,2.72,911000.0,2010
520,LA,Louisiana,36000.0,80,2880000.0,288000.0,1.5,4320000.0,2010
521,ME,Maine,5000.0,41,205000.0,33000.0,2.05,420000.0,2010
522,MI,Michigan,71000.0,58,4118000.0,1524000.0,1.67,6877000.0,2010
523,MN,Minnesota,128000.0,66,8448000.0,1774000.0,1.55,13094000.0,2010
524,MS,Mississippi,16000.0,98,1568000.0,78000.0,1.44,2258000.0,2010
525,MO,Missouri,11000.0,52,572000.0,92000.0,1.8,1030000.0,2010
526,MT,Montana,157000.0,74,11618000.0,2905000.0,1.58,18356000.0,2010
527,NE,Nebraska,41000.0,55,2255000.0,902000.0,1.51,3405000.0,2010
528,NJ,New Jersey,13000.0,35,455000.0,73000.0,1.9,865000.0,2010
529,NM,New Mexico,7000.0,66,462000.0,157000.0,1.58,730000.0,2010
530,NY,New York,45000.0,64,2880000.0,1123000.0,1.96,5645000.0,2010
531,NC,North Carolina,13000.0,46,598000.0,144000.0,2.66,1591000.0,2010
532,ND,North Dakota,510000.0,91,46410000.0,12995000.0,1.5,69615000.0,2010
533,OH,Ohio,18000.0,62,1116000.0,346000.0,2.28,2544000.0,2010
534,OR,Oregon,59000.0,39,2301000.0,874000.0,1.63,3751000.0,2010
535,PA,Pennsylvania,30000.0,37,1110000.0,377000.0,2.13,2364000.0,2010
536,SD,South Dakota,265000.0,58,15370000.0,4765000.0,1.51,23209000.0,2010
537,TN,Tennessee,8000.0,63,504000.0,106000.0,2.5,1260000.0,2010
538,TX,Texas,100000.0,72,7200000.0,792000.0,1.51,10872000.0,2010
539,UT,Utah,26000.0,30,780000.0,195000.0,1.53,1193000.0,2010
540,VT,Vermont,4000.0,65,260000.0,73000.0,3.1,806000.0,2010
541,VA,Virginia,5000.0,37,185000.0,37000.0,3.32,614000.0,2010
542,WA,Washington,71000.0,37,2627000.0,1077000.0,1.57,4124000.0,2010
543,WV,West Virginia,5000.0,40,200000.0,40000.0,2.39,478000.0,2010
544,WI,Wisconsin,64000.0,64,4096000.0,1556000.0,1.68,6881000.0,2010
545,WY,Wyoming,34000.0,36,1224000.0,282000.0,1.59,1946000.0,2010
546,AL,Alabama,9000.0,50,450000.0,63000.0,2.51,1130000.0,2011
547,AZ,Arizona,23000.0,53,1219000.0,427000.0,1.55,1889000.0,2011
548,AR,Arkansas,22000.0,64,1408000.0,239000.0,1.62,2281000.0,2011
549,CA,California,370000.0,48,17760000.0,3730000.0,1.65,29304000.0,2011
550,CO,Colorado,31000.0,55,1705000.0,443000.0,2.0,3410000.0,2011
551,FL,Florida,180000.0,61,10980000.0,988000.0,1.68,18446000.0,2011
552,GA,Georgia,65000.0,43,2795000.0,196000.0,1.65,4612000.0,2011
553,HI,Hawaii,9000.0,74,666000.0,246000.0,3.65,2431000.0,2011
554,ID,Idaho,87000.0,36,3132000.0,1879000.0,1.78,5575000.0,2011
555,IL,Illinois,7000.0,50,350000.0,98000.0,3.9,1365000.0,2011
556,IN,Indiana,8000.0,51,408000.0,147000.0,2.14,873000.0,2011
557,IA,Iowa,25000.0,62,1550000.0,961000.0,1.96,3038000.0,2011
558,KS,Kansas,7000.0,44,308000.0,117000.0,2.15,662000.0,2011
559,KY,Kentucky,4000.0,39,156000.0,12000.0,3.17,495000.0,2011
560,LA,Louisiana,36000.0,77,2772000.0,471000.0,1.67,4629000.0,2011
561,ME,Maine,4000.0,30,120000.0,17000.0,1.98,238000.0,2011
562,MI,Michigan,74000.0,64,4736000.0,2084000.0,1.81,8572000.0,2011
563,MN,Minnesota,120000.0,53,6360000.0,2099000.0,1.63,10367000.0,2011
564,MS,Mississippi,18000.0,115,2070000.0,104000.0,1.53,3167000.0,2011
565,MO,Missouri,8000.0,43,344000.0,76000.0,2.14,736000.0,2011
566,MT,Montana,145000.0,92,13340000.0,3202000.0,1.7,22678000.0,2011
567,NE,Nebraska,41000.0,59,2419000.0,653000.0,1.75,4233000.0,2011
568,NJ,New Jersey,11000.0,41,451000.0,135000.0,3.7,1669000.0,2011
569,NM,New Mexico,7000.0,56,392000.0,153000.0,1.69,662000.0,2011
570,NY,New York,49000.0,56,2744000.0,1235000.0,1.96,5378000.0,2011
571,NC,North Carolina,14000.0,62,868000.0,95000.0,2.83,2456000.0,2011
572,ND,North Dakota,460000.0,71,32660000.0,7512000.0,1.67,54542000.0,2011
573,OH,Ohio,15000.0,66,990000.0,228000.0,2.34,2317000.0,2011
574,OR,Oregon,60000.0,34,2040000.0,755000.0,1.68,3427000.0,2011
575,PA,Pennsylvania,24000.0,44,1056000.0,306000.0,2.55,2693000.0,2011
576,SD,South Dakota,250000.0,66,16500000.0,4290000.0,1.7,28050000.0,2011
577,TN,Tennessee,7000.0,44,308000.0,68000.0,2.93,902000.0,2011
578,TX,Texas,78000.0,58,4524000.0,633000.0,1.78,8053000.0,2011
579,UT,Utah,23000.0,39,897000.0,170000.0,1.75,1570000.0,2011
580,VT,Vermont,4000.0,43,172000.0,43000.0,2.31,397000.0,2011
581,VA,Virginia,4000.0,40,160000.0,21000.0,4.07,651000.0,2011
582,WA,Washington,71000.0,38,2698000.0,836000.0,1.93,5207000.0,2011
583,WV,West Virginia,4000.0,53,212000.0,45000.0,2.57,545000.0,2011
584,WI,Wisconsin,57000.0,63,3591000.0,1508000.0,1.89,6787000.0,2011
585,WY,Wyoming,35000.0,54,1890000.0,265000.0,1.72,3251000.0,2011
586,AL,Alabama,8000.0,54,432000.0,65000.0,2.47,1067000.0,2012
587,AZ,Arizona,22000.0,46,1012000.0,253000.0,1.79,1811000.0,2012
588,AR,Arkansas,25000.0,63,1575000.0,189000.0,1.98,3119000.0,2012
589,CA,California,330000.0,35,11550000.0,3119000.0,1.94,22407000.0,2012
590,CO,Colorado,25000.0,48,1200000.0,468000.0,2.07,2484000.0,2012
591,FL,Florida,193000.0,64,12352000.0,1235000.0,1.84,22728000.0,2012
592,GA,Georgia,59000.0,51,3009000.0,181000.0,1.92,5777000.0,2012
593,HI,Hawaii,10000.0,75,750000.0,263000.0,4.15,3113000.0,2012
594,ID,Idaho,92000.0,32,2944000.0,530000.0,1.63,4799000.0,2012
595,IL,Illinois,7000.0,61,427000.0,145000.0,3.55,1516000.0,2012
596,IN,Indiana,8000.0,59,472000.0,203000.0,2.54,1199000.0,2012
597,IA,Iowa,37000.0,61,2257000.0,1196000.0,2.17,4898000.0,2012
598,KS,Kansas,6000.0,55,330000.0,125000.0,2.28,752000.0,2012
599,KY,Kentucky,5000.0,51,255000.0,41000.0,3.15,803000.0,2012
600,LA,Louisiana,41000.0,86,3526000.0,141000.0,1.83,6453000.0,2012
601,ME,Maine,4000.0,34,136000.0,24000.0,2.39,325000.0,2012
602,MI,Michigan,73000.0,57,4161000.0,1332000.0,2.03,8447000.0,2012
603,MN,Minnesota,125000.0,67,8375000.0,1591000.0,1.92,16080000.0,2012
604,MS,Mississippi,18000.0,118,2124000.0,64000.0,1.77,3759000.0,2012
605,MO,Missouri,7000.0,53,371000.0,108000.0,2.8,1039000.0,2012
606,MT,Montana,145000.0,52,7540000.0,2413000.0,1.95,14703000.0,2012
607,NE,Nebraska,43000.0,65,2795000.0,1146000.0,1.93,5394000.0,2012
608,NJ,New Jersey,14000.0,33,462000.0,51000.0,1.97,910000.0,2012
609,NM,New Mexico,5000.0,52,260000.0,99000.0,3.39,881000.0,2012
610,NY,New York,51000.0,51,2601000.0,988000.0,2.23,5800000.0,2012
611,NC,North Carolina,13000.0,39,507000.0,106000.0,3.76,1906000.0,2012
612,ND,North Dakota,480000.0,69,33120000.0,5962000.0,1.92,63590000.0,2012
613,OH,Ohio,18000.0,60,1080000.0,410000.0,2.46,2657000.0,2012
614,OR,Oregon,60000.0,32,1920000.0,845000.0,2.16,4147000.0,2012
615,PA,Pennsylvania,16000.0,60,960000.0,269000.0,2.57,2467000.0,2012
616,SD,South Dakota,260000.0,63,16380000.0,3604000.0,1.95,31941000.0,2012
617,TN,Tennessee,6000.0,61,366000.0,59000.0,2.93,1072000.0,2012
618,TX,Texas,92000.0,52,4784000.0,718000.0,2.0,9568000.0,2012
619,UT,Utah,25000.0,38,950000.0,209000.0,1.87,1777000.0,2012
620,VT,Vermont,4000.0,60,240000.0,53000.0,2.39,574000.0,2012
621,VA,Virginia,4000.0,41,164000.0,23000.0,3.77,618000.0,2012
622,WA,Washington,62000.0,41,2542000.0,1017000.0,2.38,6050000.0,2012
623,WV,West Virginia,6000.0,48,288000.0,95000.0,2.91,838000.0,2012
624,WI,Wisconsin,60000.0,69,4140000.0,1863000.0,2.05,8487000.0,2012
625,WY,Wyoming,50000.0,51,2550000.0,459000.0,1.87,4769000.0,2012
